Column1,Column2,Column3,Column4
3.32481E+12,,,
3.33415E+17,49826398,0," â€œ@Ras_Tin: ""Depression hurts.. Cymbalta can help""â€"
3.4959E+17,167498990,0,*batman voice* do you have a lozenge
3.49178E+17,47365941,0,*batman voice* do you have a lozenge
3.49639E+17,23299449,0,*batman voice* do you have a lozenge
3.32676E+17,79220559,0,*takes cymbalta* RT @_xoxo_bubzie: sigh =/ #depression RT @ThreeInchEmpire: This! RT @_xoxo_bubzie: sigh tomr need fi hurry n pass -.-
3.4301E+17,375110726,0,? From an #crohnie: have any of u experienced weight gain on humira? And why? Notice u eat more or eat the same but just gaining weight?
3.50252E+17,443394911,0,@_connectedcare @rheumi_ So: pt on MTX+Etanercept not resopnding. Would you change them to triple therapy? it's a non-inferioritystudy.
3.54235E+17,172254552,0,@AbbyRummage Try Bonivapic.twitter.com/EDOaQiCKRp
3.49379E+17,275033058,0,"@addictionguy I hope it works, he paired it with Lamictal, so idk..."
3.52584E+17,190883750,0,@AgenteDiezCP Sheimon Lets Its Floxen and Music .....
3.51445E+17,452167895,0,@AgentMariaHill Oh I took it last night. And I took it his morn... juz the Effexor. But damn... didn't think it'd spike it this bad...?
3.43886E+17,272881596,0,@Alex_the_seal You still not feeling well? :( #sickie Ring the boss.Sending u a throat lozenge.#luvthatword lol #lozenge
3.51786E+17,313486653,0,@AliJawad12 I'm on Humira weekly darl! Best med ever 
3.48841E+17,25517042,0,@AliOnTheRun1 been on Humira for Crohn's for 2 years now. Still get nervous when injecting sometimes. I hope it helps you combat the disease
3.44876E+17,332991631,0,@Allikat1342 RHI is changing up my baclofen schedule after 13 yrs. This should be fun. #itake18pillsadayalready #hopeidontseeroosters
3.51465E+17,21412725,0,@amaditalks @argylestyle Except for the Boniva commercial.
3.4037E+17,233579972,0,@ameehewer8 I think we all need more than nicotine!! Haha see you inabit
3.44836E+17,480071643,0,"@ampartlow humira is what I'm on now, and it doesn't make me sick every time I take it, and it doesn't harm my body."
3.44511E+17,64712361,0,@AmyBadkin I'm sorry to hear this rheum sistah! Any news on Humira?
3.49246E+17,341711818,0,"@AmyBadkin yes, Humira pens are large and kind of clunky. They work well but its a bit of a jab for sure. I prefer syringes."
3.47122E+17,107651376,0,"@amyjanesays Yikes, thats scary stuff. I've taken Enbrel b4, been trying other things & havent found anything that works. Thx 4 the heads up"
3.5002E+17,1522959193,0,@Anak_Bijak I see you talked about Latuda a while back. I just started on it last week. Has your experience with it been positive?
3.40581E+17,524939425,0,@andreamp11 I had a paranoid schizophrenic on 70 mg of zyprexa a day ask me if she could have my babies at work...
3.29621E+17,212521596,0,@angelreader I have no fluoxetine. Unfortunately. Just lots of caffeine.
3.45098E+17,19232914,0,"@antonycotton they do a very similar zinc lozenge product in Holland and Barretts,"
3.54302E+17,84437614,0,@anwen ah I'm on 600mg quetiapine but as an anti psychotic. Not heard of those other two. Thanks.
3.45298E+17,123820842,0,"@ArthritisAshley as effective,unless it's not, which it wasn't for me. Enbrel is a god-send"
3.44585E+17,1393391472,0,"@azmuscle I can't even imagine! I'm starting #Humira soon, should be interesting."
3.30566E+17,388286396,0,@bebipinku only on 40mg of fluoxetine a day omfg
3.52907E+17,72860003,0,@BipolarBlogger quetiapine is expensive so I wonder if that's their rationale? Mine won't give me more than a month of anything.
3.46575E+17,198650912,1,@BLEDNOS Lamictal and trileptal and seroquel...of course the seroquel I take in severe situations because gaining weight is never cool
3.32669E+17,369806091,0,@BlooodTypeZ I mean what ever it is Cymbalta can help.
3.42416E+17,28094698,0,"@bnavarrotx idea of syringe still freaks me out a bit, but everyone I know who's tried both prefers it. #Humira #SyringeVsPen #rheum"
3.45686E+17,14121027,0,@BowerMelisa I'm on #tysabri and so far so good I've only had 3 treatments it's once a month infusions
3.47138E+17,32335569,0,@bpchelmsford @bipolar_blogs it's about _novel_ agents. Lamictal is not novel in the least.
3.40532E+17,788645132,0,"@briantrimble3 @DustinVFL As long as they're restrained & have had a relaxation psych cocktail (Haldol/Geodon mixer,etc),yall should be fine"
3.53213E+17,599598484,0,@britlee_harp cipro??? I just had the same issues when I was on it last week...no fun!!!
3.47467E+17,36802655,0,"@Britni_Rose I don't even know if the Paroxetine is helping anymore. I want to be on Xanax, but my grandma is basically telling me no."
3.40312E+17,77267637,0,@BRM This is RIGHT way 2C movies. The hysteria of moment plays n2 marketing & craven need 4 crix consensus. Time is a fresh mint lozenge.
3.53357E+17,1525490534,0,@BruceEricKaplan @JuddApatow is this an ad for Paxil?
3.47114E+17,136798873,0,"@BurberryWife Sorry you can't do camp this year, that sucks! I hope ur meds get squared away & Lamictal works 4 u. Am the same here"
3.52739E+17,257630982,0,@cantseh @realioRD @IanHough I'm the same. I find the nearest chemist and get loads of Ciprofloxacin in as soon as we've landed.
3.49191E+17,375110726,0,@CCFA pooped out bc i did humira last night :)
3.43095E+17,24486519,0,"@chroniccurve Also I just saw a Humira commercial with a 35 year old mom baking, brushing teeth, and playing w/ kids - they're listening!"
3.45563E+17,1351058880,0,@chronicpainteen i would also love 2 get to 50 followers 2nite i'm @ 49..pls help... #crohns #humira #TEAMIBD
3.40261E+17,61271528,0,@chubachups it was mega hard. Glad on the up now. Had to agree wiv doc that i went on prozac cus that womem.sucked me.dry until o cracked x
3.48769E+17,324260426,0,@CilemaSnob @SukanyaVerma levofloxacin once dailyyyyyyyyyy
3.42325E+17,388406721,0,@crescentcolours I remember that quetiapine feeling well x
3.32866E+17,25173368,0,@crimefish @EverydayAbleism I'm on Quetiapine so can't make early mornings. Oncology give me midday. Why can't ATOS and my psychiatrist? Xx
3.43719E+17,71475416,0,@DanieTreg time for quetiapine!
3.46481E+17,319534713,0,@DarkRazorZ I started taking Lexapro but they couldn't give me Seroquel so I have to start taking it tomorrow
3.5384E+17,323112996,1,@david82wilkins @CFAware Neither of you appear to be aware that Cipro can cripple otherwise healthy people...doctor fail to mention that?
3.51308E+17,492168041,0,"@david82wilkins Yes definitely ask the doctors then next time, but cipro is a super drug :-)"
3.41735E+17,1746811,0,"@dershep Robax stopped working for me. I had to go to prescription meds, Baclofen."
3.47811E+17,771455,0,"@diannaeanderson High five! Effexor and therapy have helped with my functioning, my productivity, and at times with my not being dead."
3.33481E+17,1232043535,0,"@dinodjdd Depression hurts, will Cymbalta help?"
3.40332E+17,1447277893,0,@DoctorBlueDream and when I came off Prozac the cycling started again. I would go from being down to being extremely manic and evil >>
3.52739E+17,19076408,0,@dollydaydream53 Same with me Dolly #RA #Humira
3.47246E+17,19162446,0,@downunderchick You need seroquel. I have some if you want ;)
3.47757E+17,16037330,0,"@DrBHealth Of course I still have flare-ups; however, I'd say that Enbrel & prednisone are really helping."
3.40779E+17,498294115,0,@drdavidsamadi saw this on FOX while in ER for diagnosis: Pyelonephritis Side Question~Why are Flomax &Ciprofloxacin a DD interact flag?
3.41373E+17,233358828,0,"@DrJenGunter T3 Many drugs (eg Cymbalta) already approved 4 use in other dxs, but comp's want add'l approval so they can advertise it #hcsm"
3.49207E+17,323112996,0,"@DrugPatentWatch Just what the world needs! More forms of Cipro. How many lives will be destroyed by this one??? Bayer ""Healthcare"" LOL!!!"
3.48888E+17,59846819,0,@dsymons I haven't tried Plaquenil since college. Plus it was before biologics came out. This inspires me to reconsider it w/Enbrel. #rheum
3.30278E+17,273421529,0,@ellaboheme I'll be on 600mg of Quetiapine for the next 5 nights. I might never wake up again! X
3.32798E+17,273421529,0,"@ellaboheme I'm off Quetiapine! Now on, shit I can't remember what is called!! @grhydian knows!! X"
3.3181E+17,8127862,0,@elledub_1920 I can't take trazodone anymore cause I'm up with the baby every few hours. right now I'm mostly concerned with my stress level
3.4133E+17,792415484,0,"@EpilepsySucksUK Oxcarbazepine, lamotrigine & midazolam to control the different types, atonic, tonic clonic (rarely), focal & aura types :("
3.47621E+17,771109718,0,"@EricKyrie_3 WTF NIGGA.. Go get some rest brutha, feeling like you popped a Seroquel. Lol"
3.52253E+17,20637300,0,@erincandy I live with it daily...I take Paxil
3.40442E+17,400967946,0,"@ESevier I screamed out loud at the doctor's & began singing ""A Sorta Fairytale"". CC: @kawaii_xo Now they are trying to give me Prozac."
3.33283E+17,20462538,0,"@ETPC1 all anti depressants have a chance of that happening, I don't think Paxil is much higher."
3.44246E+17,473179284,0,@ETtube Ah good. I thought you suggested dabigatran patients need ASA. Threw me for a loop.
3.40452E+17,600981465,1,@evann_lfc yea still a vampire as still on cipro wbu? Xx
3.40556E+17,471168050,0,"@fa5rano al7een fhmt ""@UberFacts: Bananas contain a natural chemical that can make a person happy - The same chemical found in Prozac."""
3.32982E+17,16779378,0,"@fabsternation Sorry Fab, I can offer some Fluoxetine (Prozac), if that is any help?"
3.48453E+17,1007575374,0,"@FearLoathingBTX V concerned about how liberally Seroquel is used for sleep, etc. Should be used with caution, if at all."
3.4914E+17,245484569,0,@FerryCorsten @FerryCorstenCC #ListenersChoice #CorstensCountdown 313 Zehavi & Rand - Paroxetine (Majera Remix) Hopefully not played :D
3.33314E+17,370801289,0,@fibro_360 have BCBS dont cover cymbalta or lunesta. I take savella $75 copay.
3.48921E+17,161729720,0,@flyjetwayne i on 2 steroid types at mo. 4wks of metronidazole. drug called Thioguanine & awaiting humira to be added to combo lol #druggie
3.45577E+17,23034970,1,"@fragileannie @meilufay I tried Baclofen, another common muscle relaxer, and had too many side-effects from it, including worsening pain."
3.44653E+17,437800625,0,@FUCKIPEDIA a throat lozenge
3.33032E+17,301055140,0,"@Get_Out_MyFace It was actually me. PLOT TWIST!!! Now text me back, or I will go into a depression that even cymbalta can't fix"
3.44267E+17,30019198,0,"@gkygirlengineer ""Cymbalta: You're gonna like the way it..err...you look."""
3.50667E+17,19424746,1,@Glass1ncision -nods- My zombie-ness when I first wake up in the morning is mostly from my nightly meds too (Seroquel).
3.45785E+17,518027987,0,"@glennbeck @Munster1981 Yes, you need something much stronger, Effexor?"
3.45391E+17,1187577733,1,"@Glinda_R @SpooniesCouch Cymbalta withdrawal is getting top billing at the moment, however. Ugh! xx"
3.40267E+17,429029074,0,@Greasy_Tom gotta do it. #nicotine
3.42137E+17,1196339695,0,@HannaBec @catdragin *buts in* Sounds to me like U need a shot of Rocephin & 10 days of oral Levaquin. Better if they cultured it. JMHO
3.45859E+17,416497917,0,@hannah_d0n don't stop taking your meds! They do really help you! You still on fluoxetine? Please try to stay positive xx
3.44359E+17,31061240,0,@HauteCraigture lemme suck the seroquel residue off your fingertips
3.44356E+17,776929405,0,@HauteCraigture lemme suck the seroquel residue off your fingertips
3.45285E+17,456705802,0,@hayleyh79 @PArthritis wow theyre switching me from 8 tabs to injections... Cant get Humira here unless the Welsh Gov say yes lol ....
3.36974E+17,283651643,1,"@HDAwareness cause UCD sayed I had Huntington's disease for like 8 yrs, then said high dose zyprexa caused a false diagnosis. I think I have"
3.49678E+17,15891806,0,"@hedonism_bot promethazine, they're an atihistamine so I get less of the horrible side effects of quetiapine"
3.42025E+17,1141576088,0,@heidi_viljoen ....i know....i think the world needs a little prozac in the drinking water...:-)
3.32802E+17,273421529,0,"@IamCarrieeeeee what an arsehole! I'm off Quetiapine and on Lamotrigine, I'm so fucking happy* :) *hypomanic"
3.32367E+17,302916920,1,"@illtreaturite1 Fluox a friend 4 years, but switch to cymbalta 4 anti-depress/pain control. I OCD worry. Can't stop running mind"
3.43109E+17,16980051,0,@incurablehippie I rarely see paroxetine used now but venlafaxine is quite prevalent.
3.4199E+17,40519934,0,@IntervalThinks @newscientist Give them Prozac - not!
3.49295E+17,149749939,0,"@IntuitiveGal1 ok, if you stopped taking the Lamictal, give 90mg a week."
3.4962E+17,566294953,0,"@iron_mans_hoe ohhh, fluoxetine won't help for that ffs they're such idiots"
3.41371E+17,25666906,0,@ItsChelseaJane Lots & lots of honey!!! Or your fav throat lozenge if its past honey zone :( Hope it's ALL better SUPER soon xx
3.41978E+17,29030259,0,@itsmeh8 Trazodone is sometimes prescribed for sleep :)
3.41122E+17,323112996,1,@Jakefletcha @Becki_65roses Cipro is real bad on your entire body! Take it from me (on disability since '09 thanks to just 12 pills).
3.33999E+17,12602362,1,@JameeTMiller I didn't have side effects when I started taking Cymbalta. After about 6 mths had to stop because it raised my blood pressure.
3.32376E+17,19741858,0,"@janhopis no, I was (and am) on venlafaxine. I have a non-problematic heart arrhythmia, so I guess that's when it's problematic..."
3.42133E+17,131257636,0,"@Jenndola If you're on brand lamictal, I know they have one, and Abilify too."
3.42985E+17,373577359,1,"@JessBarrett227 Taking someone off 150mg off Seroquel, mixing it with Olanzapine in 2 wks causes psychosis - a proper assess was not done."
3.45504E+17,304889400,0,@jessovenden Or Quetiapine as my psychiatrist calls it. Itâ€™s 1 of the things Iâ€™m on
3.42116E+17,568877122,0,@jimcallisBA @texanfan2785 what college kid isn't on that or Vyvanse
3.45437E+17,30256016,1,@Joanne__Howe enbrel is a miracle but it made my eyes worse :( so couldn't have it anymore :(
3.28526E+17,16782082,0,@joesimpson475 @major___tom In my humble opinion the only reason for prescribing olanzapine is sedation.
3.40236E+17,306322436,0,"@JoshCollett13 @Rods_10 I can get you anything, you need weed, you need Prozac- I know how you white boys get depress, smile your white!"
3.49306E+17,223030803,0,@JoshtheSandwich DONT I KNOW IT bro! Now instead of smoking i pop a lozenge n bust a hole in the wall....same feeling of release.
3.4812E+17,115599286,1,@joshuagates You forgot the immodium for when the Cipro kills all the good bacteria. :) #travelskills
3.31581E+17,48027092,0,@Joyster2012 It's not considered a good idea to take valerian with venlafaxine (which I'm on) sadly.
3.4142E+17,349934712,0,@jrod6595 depression hurts cymbalta can help
3.41705E+17,335921277,0,@JudyMWalters The Humira is good. Less side effects for me. The Remicade stopped being effective after a few years.
3.48934E+17,1122698912,1,"@Justjeffpls Seroquel can cause high blood sugars, talk to your Dr. exercise everyday. Lose weight. If U have type 1, ask someone else"
3.42193E+17,513840286,0,@K_Mowers mdd or bipolar for me too. Had 1 serious episode of mania. Depressed all the other time. Effexor is really working for me now.
3.31163E+17,29436779,0,@kastel na G my 5HT levels are good just need a dopamine rush gonna pop me a Bupropion or a Venlafaxine. Want some yeh
3.43677E+17,985152487,0,@KatyWeaver yayyy Katy hope it works ..you can have one of my Humira stickers if you like. 50 H and 50 Van stickers from Healthcare at Home
3.49174E+17,19032229,0,"@KellyRawlings so interesting!! Any mention of meds like Symlin, victoza and their impact on lag times, post meal hypers?"
3.4714E+17,161729720,0,"@Kirkby007 had crap day. Had scope, but had to be stopped as am severely ulcerated. Going back on humira to combo with new drug i on. &"
3.42692E+17,1460971,0,@Kirkby007 I believe that one is Tysabri. I was told same about Humira and cimzia so not sure what will happen.
3.45688E+17,1117475732,0,@KJRoSFo Meh talking is lame #lamotrigine
3.44851E+17,626092844,0,@kystikata Puts a lozenge in my mouth and feeds it to you BY KISSING YOU
3.45359E+17,955887936,0,@kytela_XoXo @RK_Zapp hahahah I just saw a cymbalta commercial! #misscoachschertz
3.42328E+17,1351058880,0,@ladyleyli well there are the biologics out there for example #remiccade or #humira which i'm on
3.39707E+17,241617891,0,"@larrymeath very well done!! I'm still on my e-fag, down to the lowest nicotine level now x"
3.466E+17,497848983,0,@LawrenceMorley @SimranPharar oh how lovely Lozenge you'll look captivating
3.3166E+17,182111018,0,"@liseed Trazodone doesnt work for me. I wish it did. I swear I need a propofol drip, lol. #hateInsomnia"
3.5102E+17,629790491,0,@lobeline @mikedelic yeah I hear you. I'm currently on seroquel too for my most intense crazy (I can tell you so many stories)
3.2884E+17,165499476,0,"@MaggieCMCheung haha. Your geekiness is contagious, I must resist. No. But yeah, perhaps an SSRI. Fluoxetine? Side effects aren't great..."
3.41322E+17,339070356,0,"@mannisandhu it's always better to have a lozenge with the medication, coats the back of your throat. #BootsEmployee."
3.29264E+17,147475372,0,@ManuraNanayakka Fluoxetine is not good. It has a lot of side effects. I think counselling is better in helping people with depression.
3.49573E+17,364397125,0,"@MargoJMilne Yes, I remember some clients having botox for spasms, but usually baclofen or some such."
3.5384E+17,323112996,0,@marionjross Cipro is just as bad! Stay away from fluoroquinolones if at all possible. They're trouble waiting to happen.
3.31819E+17,80900653,0,"@mavisMacCruet Mavis, may I recommend 60mg of fluoxetine daily to help with your obsessive compulsive disorder?? #McCann"
3.40257E+17,185095626,0,@meghaanc we need Starbucks patches like nicotine ones lol
3.41402E+17,1109344597,0,"@mirandafields32 depression hurts, cymbalta can help"
3.4243E+17,188752950,0,@missdelicacy it was mr.cipro lmao for test prep
3.40654E+17,1382723923,0,@MJIsWithMe Ambien is a sleeping pill. I take Ambien CR and also Seroquel for sleep. They work.
3.52464E+17,299239981,0,@mjseres doing great. Stopped Humira 6 weeks ago. Patient driving dr. So much better off it. Best in years! Be well.
3.40328E+17,494325849,0,"@mrnick was getting out of control. I had no idea that coming off it would be so awful. Other than Paroxetine, I thought SSRIs were easy"
3.4026E+17,80262684,0,@mrrajatkapoor take up running mate and the thought won't cross u again! It releases the same hormones as nicotine
3.42184E+17,1338060397,0,@MS_Hippie21 just on vyvanse and bored lol
3.46591E+17,14346304,0,@muemong @CardiopulmRN she keeps this yelling and shit up she's getting IM geodon. #idontfuckaround
3.50057E+17,299398022,0,@nachoswithsalsa Both are still profitable. Invokana is a good drug. 1st in class.
3.50064E+17,299398022,0,"@nachoswithsalsa buy $JNJ, it has a great drug in Invokana."
3.42406E+17,627981363,0,@NEJM eager to see implications of PCR vs seropositive testing and natalizumab
3.27383E+17,94083901,0,"@NellFrizzell @eleanormorgan Oh god. She needs a daily dose of 37.5 mg of venlafaxine for two weeks, administered orally not a word ellie."
3.42708E+17,56724832,1,@neomoms I had been blaming my dizziness upon standing to my menopause but now on HRT & no more flashes so looked at cymbalta side effs
3.42024E+17,14327715,1,"@neurobonkers also, ""meth mouth"" is really poverty mouth. u don't c when people take it for ADHD. nor in Prozac, which similarly dries mouth"
3.48412E+17,28344264,0,"@notquitereal Oh, really? That's what gave me the terrible reaction. My current doctor told me he'd almost never prescribe fluoxetine."
3.32794E+17,494325849,0,@nuttylotte Exactly. Although the Lamotrigine is apparently to help prevent future episodes of depression & the plan was to reduce my
3.30441E+17,405854637,0,@Ollerspure They call me dr fluoxetine amongst other things
3.32455E+17,273421529,0,@Pani_Bufetowa Lamotrigine. Do you know it?
3.4118E+17,20439615,0,"@phumlanimfeka but none of them are registered with CIPRO, ot can be found online except for your who's who entry? @ulrik_s"
3.30288E+17,16005380,0,@pillowfort -high fives- fluoxetine is my jam.
3.5033E+17,1294722690,0,"@pippaliciousj @mamasick I'm going through the same, it's so hard isn't it! Glad to hear about duloxetine .. Started mine a week ago!"
3.51141E+17,322964923,0,@Pitcrewprincess my husband takes lamotrigine and kepra twice a day.
3.41642E+17,98027634,0,@pueblokc how's your Crohn's? I'm back on remicade and pentasa after failing at humira and cimzia
3.32968E+17,287279272,0,"@purplepersonage I understand. And there's always the quetiapine excuse too. It's a real side-effect, but I also use it to soothe my guilt."
3.41974E+17,296529265,0,@RA_Guy congrats!!! what has worked??? I am same now with Humira. No pain AFTER walking either and can turn over in bed without pain!
3.54352E+17,104108492,0,@Rachs_charlie has it reduced your seizures!? Am on keppra and vimpat full doses of both and still have 3-7 seizures a week.
3.40361E+17,830185352,0,@RaeeLovesJays: I wanna stop smoking so bad nicotine feen
3.5139E+17,324601283,0,"@rawarrior have had no response on double and triple treatments. Have exhausted humors, enbrel, and now on this. Recently taken out of work"
3.42271E+17,704887820,0,"@rbiom fair enough mate, I'd never heard lozenge before haha"
3.4311E+17,514927765,0,"@RecoveryDiaries yepp im on fluoxetine and i still drink, i hit a bit of a low a couple of days later..but tend to be okay"
3.47665E+17,624712647,0,@rfdsdoc @Damian_Roland Olanzapine being added to policy at @alderheykids - awaiting approval from medicines management (so not incl here)
3.43471E+17,847268796,0,"@rfdsdoc @traumagasdoc @richardbogle @MDaware @PharmERToxGuy @umanamd esmolol to see if BP will tol, then metoprolol"
3.51702E+17,18847944,0,@samledabb i need paroxetine 40mg but I rang the doctor and can get 20mg tomorrow and another box of 20mg thurs so will cling to these!
3.4447E+17,47189853,1,"@sapphire20 to it, and now I'm on Humira with just the bloat to battle. Things sometimes get super shitty in every sense. But stay strong xx"
3.5146E+17,339733380,0,@Sarahdgaf13 which one is it? I'm starting humira for the second time
3.40293E+17,229319384,0,"@SassyPharmD Zyprexa and Risperdal work best from my exp, Ability is junk and Geodon marginal but qt prol is issue & metab sx"
3.48571E+17,29126755,0,@scoblitz Have you tried Costco pharmacy? Don't need to be a member & their drugs are insanely cheap. Kid's Lamictal $700 CVS = $23 Costco
3.50949E+17,275035206,0,@scottf51 oh! I haven't noticed mine doing that - I have mine set daily for Victoza pm - ill have to watch that then!
3.4745E+17,623487139,0,@scottgal OK. Hope they help. Prozac/Fluoxetine seems to be prescribed for so many forms of depression.
3.33182E+17,193278438,0,"@Sessahhh Before Lamictal, I was writing ~2k an hour. Post Lamictal, I was lucky for 200 and still seized after just a few sentences."
3.49697E+17,1140424723,0,"@SeteMTL2012 ha I'm on Tysabri now, that with physio , gentle excersise and rest is liquid gold !!!!"
3.28202E+17,87967803,0,@Shell_568 Aye and the kennel's called Fluoxetine!
3.49085E+17,135627441,1,"@Shellyfanelly I was on #azathioprine for about 8 years, it worked well, now on #Humira instead though which is knocking me about"
3.44938E+17,1436476316,0,"@SickLittleDoll seriously i don't find fluoxetine works for me, so i'm getting something stronger soon:)"
3.54208E+17,625348364,0,@siphohotstix I hv a TV show idea which company do I register my rights with? Cipro etc @siphohotstix
3.48202E+17,802172738,0,"@SirVishyVish Keyword: traces. The nicotine patch, gum, and lozenge all have traces of contaminants."
3.41948E+17,90304006,1,@skernandez because I realized Vyvanse after a certain time of taking it increased my anxiety and made me more irrational.
3.41948E+17,90304006,0,@skernandez you take vyvanse? I was on that stuff for like 5 years. 70mg. but a few months ago I switched to adderall 30mg
3.29589E+17,484999413,0,@skinny_the_minx I'm on fluoxetine. Hm :( hope you feel better soon lovely!! Have you got quite a stressful job? X
3.46482E+17,138795534,0,"@SKRDad I get pretty excited about my Humira shots, too. Not weird at all (or maybe I'm weird, too. Hard to say)"
3.51966E+17,256413850,0,@Snuff_Smith at the moment I'm on 15mg of pristiq 100 morn 50 at night to try and stop the nightmares.
3.41764E+17,69537786,0,@Socalmegan Xarelto. Just started tonight! @alarielle3
3.48888E+17,1009724636,0,@SocialMediaShan @dsymons I used it with Enbrel and am in remission now. Now my mission is to try to help others the best that I can.
3.45115E+17,18628014,0,@spacecowboy2014 I inject Enbrel once a week which helps xx
3.32459E+17,88166476,1,"@SpicyNyx fluoxetine and quet combo zombified me...ah, the meds merrygoround #bipolar"
3.45344E+17,563241360,0,@St_Jimmy_77 That's not good :/ I really hope the Fluoxetine works out for you :)
3.51132E+17,394230266,0,"@StacyLynn624 @MelADavis - ""One is too many!"" Oh the melodrama. GOP silent on death penalty, Iraq war, Paxil deaths, ad nauseum. #txlege"
3.47688E+17,43921184,0,@staytiny lozenge shaped arrowheads. Canâ€™t wait to go see that. And get in the giftshop. #fullchainmailoutfitplease
3.44621E+17,136798873,0,@susanhasas What is DHE - is that another term for Humira? Wow. Glad that helped your migraine!
3.42477E+17,1460971,0,@Sydney_Ranae yeah its a biological. Like Humira and cimzia. Remicade wasn't doin much. Cimzia is next.. Well see
3.41116E+17,323112996,1,@teepeewest Did you get floxed too? I've been in bed since 2009 thanks to just 12 Cipro pills! They never told me this can be permanent!!!
3.28899E+17,279100904,0,@The_Firkins trazodone is a sleeping pill
3.48901E+17,1077262537,0,"@TheAntiMyth @CrossFitChemist unexpected and potentially problematic-others like ciprofloxacin increase BC levels, causing more side effects"
3.467E+17,22493928,0,@thebeecharmer97 @danadelany those r common bacteria species causing sinusitis so if no improvement will need Avelox or Levaquin. :)
3.48978E+17,362214639,0,"@TheCoffeeKlatch Like Lamictal? I found once I learned to love self & tackle my #PTSD triggers, #Trichotillomania episodes are non existent"
3.41774E+17,1321400012,1,"@thekillmars300 called lamictal (for anxiety) that turns out I'm allergic to also. Kicker is, they both can cause SJS. I never had a chance."
3.27264E+17,1367532704,0,@thinprettybones not everyone gains wt when they quit. Some meds that help you quit (Zyban & Nicotine lozenge) prevent wt gain.#quitsmoking
3.49506E+17,339220082,0,"@tiredlegs ...to be in a good routine. Also Seroquel are a funny shape, and that reduces the risks of drug errors on my part. The last lot.."
3.49506E+17,339220082,0,"@tiredlegs I want branded Seroquel. I feel that different brands of XL have different release speeds, and that doesn't help my attempts..."
3.33709E+17,20731411,0,"@toddgordontrade Tetanus shots r good for 10 years. Metal through rubber shoe- need a good cleaning, possibly Cipro to prevent infection."
3.44583E+17,24938910,0,"@tramonby Enbrel is a biologic, a drug used to treat RA. It works by reducing active Tumor Necrosis Factor (TNF), which > inflammation."
3.46611E+17,1081655209,0,@trishwesley No just going to continue taking my Cipro which helps alleviate some of the pain until I see the neurologist the 25th
3.45508E+17,221248191,0,"@TweetNomDePlume @jessovenden hello both, Iâ€™m on 25mg Seroquel which I take in the mornings. I love a stoned morning. :)"
3.40558E+17,254172328,0,@UberFacts: Bananas contain a natural chemical that can make a person happy - The same chemical found in Prozac.-I coulda had bananas?
3.33585E+17,271470336,0,"@USHEMP Very generalized thinking. I'm on Xanax & Cymbalta, does that make me dangerous? No, it does not. Sounds like sensationalism to me."
3.33008E+17,11610082,0,"@walkbythesea Wellbutrin doesn't seem to be cutting it anymore, so I'm transitioning to Cymbalta."
3.42029E+17,18759607,0,"@weird_prophet Only if I can blame Lamictal, Prozac and Klonopin for all of my tweets."
3.42184E+17,335304091,0,"@wenbellings prescription, I have zoplicone, nice and gentle but work. I have Zometa to keep the bones strong and control the tumours"
3.33723E+17,1217130098,1,@weswroten @bullfrogr wow Paxil sent me into a huge hypo manic mixed episode.
3.46774E+17,175079011,0,"@weswroten Bipolar, major depression. Also, he's on quetiapine because sometimes he sees and hears things."
3.4025E+17,508307233,0,@WHUDEY sounds like someone forgot their Prozac again.
3.32156E+17,537455918,0,@wildjacques I've got some Prozac lol
3.32455E+17,193278438,0,@willentrekin I had a physician comment it would be better for my seizures if I lived in a medical m. state instead of the lamictal.
3.45045E+17,1289739228,0,@wmywifi I'm so in thar right now I need cymbalta
3.40257E+17,109336603,0,@YesterdaysKid And how does it help? If they r addicted to nicotine (sp?)
3.40555E+17,350559938,0,@Yo_LoLoLo â€œ@UberFacts: Bananas contain a natural chemical that can make a person happy - The same chemical found in Prozac.â€
3.44205E+17,445818260,0,@zoeharcombe Did you see Dispatches in C4 tonight about Victoza / GLP1 drugs re pancreatitis and pancreatic cancer?
3.43233E+17,97567146,0,"06.07 on top of everything else, I'm getting a summer cold, sneezing and blocked but runny nose. Some medications interact with Rivaroxaban."
3.52668E+17,627493130,0,17 of the top 20 prescribers of the blood pressure drug Bystolic have received speaking fees from its maker.http://propub.ca/11WKC50Â 
3.50061E+17,1329108505,0,17 of the top 20 prescribers of the blood pressure drug Bystolic have received speaking fees from its maker.http://propub.ca/11WKC50Â 
3.42437E+17,31079319,0,"â€œ@_CollegeHumor_: Adderall in the am, Ambien at night, vodka in the water bottleâ€ Me: Vyvanse in the AM, GHB at night, Adderall all day"
3.45929E+17,235602557,0,"â€œ@ASAP_Staph: because im 17, compose my own beats. lyrically im dope enough to assfuck the dude who made nicotineâ€who tf is"
3.40552E+17,289800860,0,â€œ@DickyChesworth: @marknolan70 @jasonbrooks68 We are screwed thenâ€ my mum must have been on Prozac lol
3.33392E+17,133095064,0,â€œ@FadeKidd17: Depressed.â€ Cymbalta ?
3.49198E+17,316909345,0,â€œ@JakeInRealLife: *batman voice* do you have a lozengeâ€ @lakyn_presler You're gonna miss me
3.40953E+17,184501256,0,â€œ@James_noSemaj: @MzWatts_LVN me toooooooo! I need some Cymbalta nowâ€
3.50511E+17,1401378956,0,â€œ@K_Maaack: Fuck it I'm depressed...â€ Cymbalta can help.
3.40576E+17,340389565,0,â€œ@kissoff8: One Tunes cherry menthol lozenge + one cup of earl grey = homemade menthol tea. Fuck you cold virus.â€post pride poorliness? Snap
3.43114E+17,583054886,0,â€œ@livwrenn: I know when tori take a vyvanse cause she tweets nonstopâ€ that's what I do hahaha fuck
3.44956E+17,288062981,0,â€œ@SlowKSig: I can't wait till school to take my vyvanse yoder exactly much my tolerance has gone down during the summer.â€ best tweet award
3.40555E+17,96571746,0,â€œ@UberFacts: Bananas contain a natural chemical that can make a person happy - The same chemical found in Prozac.â€
3.40555E+17,52137487,0,â€œ@UberFacts: Bananas contain a natural chemical that can make a person happy - The same chemical found in Prozac.â€ *Going bananas!*
3.40557E+17,273139304,0,â€œ@UberFacts: Bananas contain a natural chemical that can make a person happy - The same chemical found in Prozac.â€ @ETaylorX
3.40558E+17,260521668,0,â€œ@UberFacts: Bananas contain a natural chemical that can make a person happy - The same chemical found in Prozac.â€ Interesting.
3.40555E+17,54638986,0,â€œ@UberFacts: Bananas contain a natural chemical that can make a person happy - The same chemical found in Prozac.â€ Not @english_frankie
3.40559E+17,20539678,0,â€œ@UberFacts: Bananas contain a natural chemical that can make a person happy - The same chemical found in Prozac.â€ Plenty of bananas then!
3.40563E+17,315891899,0,â€œ@UberFacts: Bananas contain a natural chemical that can make a person happy - The same chemical found in Prozac.â€@sammysam08 #B1 
3.32158E+17,883258856,0,Any single nite ill still pop that pussy like a Prozac ...
3.47116E+17,1338597000,0,Arse. Late with #quetiapine again. #hopeless
3.45005E+17,1041578714,0,At the Cypriot art and archaeology exhibition at the @NicholsonMuseum. Love the Cypro-Archaic bird jugs! Never seen anything like them.
3.41631E+17,620522704,0,Bananas contain a natural chemical which can make a person happy. This same chemical is also found in Prozac.
3.44712E+17,49414915,0,By the way @MixWithSprite U no I understand the vyvanse life I took a 70 and I was goin BAHAA
3.44875E+17,161729720,0,Cannot wait for my scope monday.. No im not weird.. Just it hopefully give me go ahead to go back to humira & feeling a bit better!
3.26663E+17,296786819,0,"Compston - women on 5 years alendronate have reduced risk of vertebral fracture, if ALN continued for further 5 years ^CN #Rheum2013"
3.48894E+17,41822846,0,"Did one shot of Enbrel, but chose the infusion rather than self injection. Don't know what he has in mind. Hoping for success. #rheum"
3.40451E+17,186866712,0,Do you know what is Badass ? Ciprofloxacin that's what's Badass 
3.49009E+17,49323422,0,Doctors has changed my meds...let's hope I don't get any of the nasty side effects. #fluoxetine
3.48953E+17,54802791,0,Does taking cipro with rum have side effects?... Ill report back later
3.48091E+17,15986599,0,Even on paxil I worry when people don't talk to me that they hate me but I know why I have that fear
3.40483E+17,278918598,0,"Fed medicare sets med cost rates: fact. Cipro for fish & Cipro for humans, same pills & mfg, 60 ct 500mg $29.99 vs $499.00. See the problem."
3.48617E+17,228535936,0,Final note: I was scared to go on Humira because I remembered how hard it was for Stacey to inject herself with her insulin. Same thing.
3.42026E+17,76365159,0,Finish Cipro on Saturday so sods law means it will start raining again on Sunday!
3.54079E+17,193339141,0,Fluoxetine from $1.92 per capsule in 1993 to $0.03 today #PHARMAC #NZ #ihea2013
3.49078E+17,339220082,1,"Hello, world! Quetiapine zombie this morning and I have a work call in about 45 minutes. Perfect combination."
3.41947E+17,27083499,0,"Hey brother, can you spare a Paxil? I'm terrible at this panhandling shit."
3.32452E+17,413595684,0,How about those Leafs @Frankentsleep LMFAO ??? Someone is gonna need extra #Seroquel ;)
3.46731E+17,903557233,0,"However, the results are impressive: 2.1% event rate for intervention arm vs 3.0% in control. i.e fewer events with rivaroxaban. #JC_StE"
3.50118E+17,368695968,0,Humira can lower your risk to fight infections
3.4525E+17,2331431,0,"I absolutely adore what Cymbalta does for my fibro, but sometimes the side effects are a bit Mac truck-ish, like today."
3.42893E+17,34065268,0,I am not bipolar nigga lol RT @dntfllwmeigh: Seroquel??? â€œ@MzTasteLykCandy Waiting on my meds to kick inâ€
3.403E+17,345298684,0,I don't understand why people want hookuh pens like when you get addicted to the nicotine I'm gonna laugh
3.41064E+17,27217483,0,i need a lozenge
3.41758E+17,171707155,0,I need some cymbalta cause I'm feelin this depression
3.49349E+17,17248031,0,I now have two weeks off work because of drastic meds change which involves coming off Pristiq cold turkey. Do. Not. Want.
3.36975E+17,448280203,0,"If a substance is approved by the FDA, DO NOT INGEST IT if you wish to remain alive. Today most drugs they approve can kill us. #Cymbalta"
3.43512E+17,1385577536,0,It is very early prop from Ricola throat lozenge advertisements. @RoadshowPBS #antiquesroadshow @rilaws
3.44139E+17,27277657,0,It's sad the only way I can get things done is if I take a vyvanse
3.49622E+17,52463074,0,"Just checking in, anything happening? Had the weirdest dream I was listening to Torts as the new head coach.. Anyone have a lozenge?"
3.49043E+17,860133734,0,just did a video of me injecting my #humira to hopefully help guide you who are scared to do it on your own or about to start it :)
3.32306E+17,381883618,0,Kristine needs to not with all of these emotional tweets 24/7 bih im going buy you some cymbalta
3.49048E+17,331636896,0,"Lilly PR email stats: 10 sent in 4mins. 5 empagliflozin, 3 linagliptin, 1 dulaglutide & 1 LY2605541. Need extra insulin to process all that."
3.40864E+17,23343428,0,Love seeing/hearing a fellow latino pronouncing Guzman properly...but Some1 get @jorgeandresESPN a throat lozenge :)
3.40274E+17,203349923,0,My dad keeps saying he's need Prozac for his ADD.... I have reminded him 4 times that he means Adderall and he just can't seem to grasp it.
3.49115E+17,21572529,0,No definitive recommendation on how/whether #cardioversion can be done on apixaban - SH Hohnloser #ehraeuropace
3.26393E+17,20990898,0,"NO, NOT ALWAYS @Soph831: @DoctorChristian Do you always get side-effects with Fluoxetine?"
3.32968E+17,22018907,0,"One child's POÃ„NG chair built, the rest of the furniture can wait til the morning! What a day. Tysabri infusions and IKEA have killed me."
3.43944E+17,14594414,1,Owww. I hurt my foot. & am concerned. 1st warning on Cipro is tendon damage. :-/ It certainly wasn't a rupture. I'm sure I'm just paranoid.
3.51912E+17,364624114,0,Paroxetine + clonazepam + levomepromazine = #goodnight
3.48832E+17,291970888,0,Patient switched from Effexor 150mg/day to Celexa 20mg/day.. Says it won't work because 20mg is a smaller number than 150mg #pharmacyprobs
3.42663E+17,1338597000,1,People taking #quetiapine - does this need to sleep 24/7 go eventually? Cos this is not sustainable beyond the short term.
3.54379E+17,1337491836,0,reading about Lamotringine (Lamictal) on the floor in Barnes and Noble learning about my medicines yolo
3.47465E+17,134025268,0,Report: a fixed-dose regimen of dabigatran for ischemic stroke may be ineffective in pts with severe obesity.http://nej.md/11MAcpwÂ 
3.47465E+17,790958456,0,Report: a fixed-dose regimen of dabigatran for ischemic stroke may be ineffective in pts with severe obesity.http://nej.md/11MAcpwÂ 
3.4752E+17,589105446,0,Report: a fixed-dose regimen of dabigatran for ischemic stroke may be ineffective in pts with severe obesity.http://nej.md/11MAcpwÂ 
3.47465E+17,139795524,0,Report: a fixed-dose regimen of dabigatran for ischemic stroke may be ineffective in pts with severe obesity.http://nej.md/11MAcpwÂ 
3.46488E+17,97567146,1,Rivaroxaban 2/2 lower back pain. Not very PC but am crippled by this drug. Taking more paracetamols. Must ring for 'phone consultation.
3.4036E+17,329614811,0,RT '@Dave_Bugzy #MOH #Shisha delivers the addictive drug nicotine and is at least as toxic as cigarette smoke #WorldNoTobaccoDay
3.32125E+17,20040157,0,RT @PromotingGHL: At #MtSinai today for #bonemarrowbiopsy #MRI and #zometa will find out how well the #sct worked!  Hope all goes well! :)
3.49118E+17,389347008,0,RT@escardio: No definitive recommendation on how/whether #cardioversion can be done on apixaban - SH Hohnloser #ehraeuropace
3.42929E+17,41639618,0,"Several hours after ingestion, a combination (prescribed) of Cymbalta and Valium come together to bring about quite a heavy sedative effect."
3.54335E+17,339220082,1,"Since quetiapine's messed with my prolactin levels, making my boobs humungous & my bras so expensive, I want a lingerie component to DLA."
3.40283E+17,21277554,0,"So it seems I'm one of those friends you can text and say, hey, do you have any spare Cipro? And I do. LOL"
3.33069E+17,50209640,0,Songs open with shout outs to Paxil in between choked sobs. Thirty full minutes of silence where no one could muster the effort to talk.
3.47847E+17,151295755,0,Spending the next few hours seeing a Gwyneth Paltrow movie. Ill be in the front row doing Prolia arms.
3.53107E+17,41641447,0,Spent my 4th making Cipro/Vicodin cocktails. God bless America and prescription drugs!
3.50639E+17,96322326,0,Started my humira treatment today fingers crossed @CrohnsColitisUK @CrohnsEffect
3.44847E+17,322388141,0,Started vyvanse today and I've taken 4 pages of notes front and back in the first hour of class #gettinshitdone
3.47373E+17,220746552,0,"Still itchy everywhere, but no rash, so, more Lamictal it is."
3.46631E+17,80910941,0,The diagnosis of depression didnâ€™t become popular in Japan until Glaxo-SmithKlein got approval to market Paxil in the country. - Ibid.
3.4541E+17,23412703,0,This time last week I was at SFF and now I am in an office looking at another 4hrs of work and I just accidently swallowed a cough lozenge.
3.48111E+17,515713247,0,"TIP: My 5 item health kit for distant lands: Cipro (gut), Z Pak (chest), Pepto (stomach), Purell (germs), Advil (hangovers). #TravelSkills"
3.48131E+17,57512140,0,"TIP: My 5 item health kit for distant lands: Cipro (gut), Z Pak (chest), Pepto (stomach), Purell (germs), Advil (hangovers). #TravelSkills"
3.48111E+17,15884394,0,"TIP: My 5 item health kit for distant lands: Cipro (gut), Z Pak (chest), Pepto (stomach), Purell (germs), Advil (hangovers). #TravelSkills"
3.47462E+17,1338597000,1,"Toothache. Discovered that somewhere in the paracetamol, codeine, sertraline #quetiapine combination there is a bad mix. #hallucinating"
3.5147E+17,265811130,0,"Trimethoprim-Sulfamethoxazole, Cipro or Macrobid? @LactationJrny @yayayarndiva @NurturedChild she was full term and otherwise healthy"
3.42314E+17,34106432,0,"What happened with #MS is that Tysabri assoc w a serious deadly side effect,FDA pulled it,patient outcry brought it back @GoodmanBrenda"
3.49351E+17,260548786,0,What untaking? Quetiapine or Trazodone? RT @MzAnonymousB: Hoping these meds work for my insomnia
3.33319E+17,51610877,0,Who will hook up and who overdoses this week on It's All Gone Fucking Wrong? We will need a couple psychiatrists with unltd Seroquel.
3.54266E+17,56201584,0,WHOOOOA last night was rough. I might have taken way too much lamotrigine and wine and schnapps and I spiraled but I'm okay now sorry.
3.31106E+17,1115213815,0,"Why wait for generic memantine?. Because it's much cheaper, perhaps?? Brazenly illogical pharma ad in BJPsych.pic.twitter.com/hru05yTJ9n"
3.53043E+17,1278431,0,Will science ever isolate the component of nicotine that turns a person into a littering dipshit?
3.46383E+17,236375867,0,Would you buy a used car from #nemeroff at the #instituteofpsychiatryhttp://vimeo.com/68299094? I wouldn't take his Paxil.
3.49395E+17,21786977,0,Wow. Just wow. I hope Cipro works for him. It's a beast of a drug sometimes. @BryanMPoynter
